candidate_id,rank,score,reasoning
CAND_0039754,1,0.7783,"The candidate exhibits a strong semantic match with the role, scoring 0.9718, and full availability, indicating a perfect match for the flexible hybrid location. Evidence coverage is also high, suggesting a strong alignment with the job requirements. | Risk: Minimal risk identified."
CAND_0046064,2,0.7399,"The candidate exhibits a strong semantic match with the job requirements, scoring 0.9316, and high availability, with a score of 0.95, indicating a strong fit for the role. | Risk: The candidate's risk score is 0.169, which is above the minimal risk threshold, suggesting there are some considerations to be aware of."
CAND_0006567,3,0.7377,"The candidate exhibits a strong semantic match with the job requirements, scoring 0.974, and has substantial evidence coverage with a score of 0.7586, indicating a strong alignment with the role's technical and experience demands. | Risk: The candidate's risk score is 0.149, which is above the minimal risk threshold, suggesting a moderate risk that should be considered in the final decision."
CAND_0077337,4,0.7342,"The candidate exhibits a strong semantic match with the job requirements, scoring 0.9302, and high availability, with a score of 0.925, indicating a strong alignment with the role's demands. | Risk: The risk score is 0.147, which is above the minimal risk threshold, suggesting a moderate risk in the candidate's profile."
CAND_0046525,5,0.7245,"The candidate exhibits a strong semantic match with the job requirements, scoring 0.9081, and high availability, with a score of 0.925, indicating a strong fit for the role. | Risk: The candidate's risk score is 0.1505, which suggests a moderate risk factor that should be considered in the selection process."
CAND_0018499,6,0.721,"The candidate exhibits a strong semantic match with the job requirements, scoring 0.8705, and has full availability, indicating a perfect match for the hybrid work model. Evidence coverage is also substantial at 0.798. | Risk: The risk score is 0.2455, which suggests a moderate risk, but it is below the threshold of 0.30, indicating minimal risk."
CAND_0055992,7,0.7185,"The candidate exhibits a strong semantic match with the role, scoring 0.9391, and has a high availability score of 0.875, indicating a good fit for the hybrid work model. Evidence coverage is also substantial at 0.7611. | Risk: The risk score is 0.1875, which is above the minimal risk threshold, suggesting there are some concerns to consider in the candidate's profile."
CAND_0071974,8,0.7157,"The candidate exhibits a strong semantic match with the role, scoring 0.9202, and has a high availability score of 0.875, indicating a good fit for the hybrid work model. Evidence coverage is also substantial at 0.7871. | Risk: The risk score is 0.1905, which is above the minimal risk threshold, suggesting there are moderate risks to consider in this candidate's profile."
CAND_0033861,9,0.7008,"The candidate exhibits a strong semantic match with the role, scoring a perfect 1.0, and demonstrates good availability with a score of 0.85. Evidence coverage is also solid, indicating a strong alignment with the job requirements. | Risk: The risk score is 0.4375, which suggests a moderate risk, but it is below the threshold of 0.5, indicating that the risk is manageable."
CAND_0053591,10,0.6961,The candidate's strong semantic match score of 0.8236 and high availability score. | Risk: Minimal risk identified.
CAND_0011687,11,0.6899,
CAND_0044222,12,0.6839,
CAND_0061257,13,0.6837,
CAND_0080766,14,0.6833,
CAND_0079387,15,0.6775,
CAND_0015528,16,0.6727,
CAND_0087744,17,0.6699,
CAND_0088025,18,0.6678,
CAND_0068811,19,0.6676,
CAND_0093331,20,0.6563,
CAND_0094759,21,0.6521,
CAND_0008425,22,0.6519,
CAND_0091534,23,0.647,
CAND_0093193,24,0.6447,
CAND_0060054,25,0.6447,
CAND_0058412,26,0.6444,
CAND_0040310,27,0.6366,
CAND_0050454,28,0.6286,
CAND_0008295,29,0.6269,
CAND_0088378,30,0.6235,
CAND_0058688,31,0.6227,
CAND_0071880,32,0.6216,
CAND_0062247,33,0.6144,
CAND_0015581,34,0.6125,
CAND_0081709,35,0.6102,
CAND_0087630,36,0.6095,
CAND_0095619,37,0.6083,
CAND_0011432,38,0.6078,
CAND_0029117,39,0.6067,
CAND_0055905,40,0.6006,
CAND_0030953,41,0.5982,
CAND_0037980,42,0.5965,
CAND_0044855,43,0.5923,
CAND_0046132,44,0.5907,
CAND_0052682,45,0.588,
CAND_0010770,46,0.5867,
CAND_0048862,47,0.5846,
CAND_0081852,48,0.5838,
CAND_0005649,49,0.5828,
CAND_0064888,50,0.5785,
CAND_0061265,51,0.5771,
CAND_0047721,52,0.577,
CAND_0043228,53,0.5769,
CAND_0092692,54,0.5769,
CAND_0052706,55,0.5755,
CAND_0033842,56,0.5741,
CAND_0069905,57,0.5734,
CAND_0064326,58,0.5722,
CAND_0029135,59,0.5721,
CAND_0082973,60,0.5701,
CAND_0017090,61,0.5695,
CAND_0065786,62,0.5687,
CAND_0055960,63,0.5683,
CAND_0061696,64,0.5674,
CAND_0094685,65,0.5672,
CAND_0088441,66,0.5658,
CAND_0018549,67,0.5655,
CAND_0051466,68,0.5645,
CAND_0010257,69,0.5611,
CAND_0075249,70,0.5609,
CAND_0014440,71,0.5551,
CAND_0045250,72,0.5518,
CAND_0093883,73,0.5512,
CAND_0098846,74,0.5511,
CAND_0022415,75,0.5502,
CAND_0065878,76,0.548,
CAND_0080794,77,0.5468,
CAND_0041669,78,0.5465,
CAND_0017590,79,0.5464,
CAND_0013456,80,0.5463,
CAND_0070514,81,0.5456,
CAND_0037566,82,0.5436,
CAND_0068985,83,0.5412,
CAND_0004112,84,0.5396,
CAND_0076251,85,0.5391,
CAND_0091909,86,0.5385,
CAND_0000273,87,0.5369,
CAND_0051841,88,0.5365,
CAND_0076163,89,0.5332,
CAND_0093763,90,0.5324,
CAND_0041402,91,0.5324,
CAND_0095528,92,0.5323,
CAND_0089444,93,0.5312,
CAND_0012798,94,0.5298,
CAND_0042100,95,0.5296,
CAND_0020494,96,0.5296,
CAND_0045613,97,0.5292,
CAND_0041696,98,0.529,
CAND_0021885,99,0.5285,
CAND_0092278,100,0.5282,
